Date,Day,Start Time,Start Time Sort,State,Store / Account,Store Number,City,Preferred Area,Location Priority,Raw Calendar Listing,Calendar Color,Event URL,Status,First Seen,Last Seen,Scraped At,Event ID
2026-10-01,Thursday,4:00 PM,16:00,WA,QFC 847 – HARVARD MARKET,,Seattle,YES,3,4p WA||QFC 847 – HARVARD MARKET (Seattle),#1E88E5,,EXISTING,2026-08-11T22:50:10,2026-08-13T12:10:26,2026-08-13T12:10:26,260719
2026-10-01,Thursday,4:00 PM,16:00,WA,QFC 858 – NORTH SEATTLE,,Seattle,YES,3,4p WA||QFC 858 – NORTH SEATTLE (Seattle),#1E88E5,,EXISTING,2026-08-11T22:50:10,2026-08-13T12:10:26,2026-08-13T12:10:26,261717
2026-10-01,Thursday,4:00 PM,16:00,WA,QFC 101 – BELFAIR,,Belfair,NO,9,4p WA||QFC 101 – BELFAIR (Belfair),#1E88E5,,EXISTING,2026-08-11T22:50:10,2026-08-13T12:10:26,2026-08-13T12:10:26,260715
2026-10-01,Thursday,4:00 PM,16:00,WA,QFC 850 – CANYON PARK,,Bothell,NO,9,4p WA||QFC 850 – CANYON PARK (Bothell),#1E88E5,,EXISTING,2026-08-11T22:50:10,2026-08-13T12:10:26,2026-08-13T12:10:26,260721
2026-10-01,Thursday,4:00 PM,16:00,WA,QFC 851 – EDMONDS,,Edmonds,NO,9,4p WA||QFC 851 – EDMONDS (Edmonds),#1E88E5,,EXISTING,2026-08-11T22:50:10,2026-08-13T12:10:26,2026-08-13T12:10:26,260723
2026-10-01,Thursday,4:00 PM,16:00,WA,Fred Meyer,652,Ellensburg,NO,9,4p WA|| Fred Meyer 652 (Ellensburg),#1E88E5,,EXISTING,2026-08-11T22:50:10,2026-08-13T12:10:26,2026-08-13T12:10:26,261563
2026-10-01,Thursday,4:00 PM,16:00,WA,QFC 839 – NORTH MERCER,,Mercer Island,NO,9,4p WA||QFC 839 – NORTH MERCER (Mercer Island),#1E88E5,,EXISTING,2026-08-11T22:50:10,2026-08-13T12:10:26,2026-08-13T12:10:26,260717
2026-10-01,Thursday,4:00 PM,16:00,WA,Fred Meyer,603,Shelton,NO,9,4p WA|| Fred Meyer 603 (Shelton),#1E88E5,,EXISTING,2026-08-11T22:50:10,2026-08-13T12:10:26,2026-08-13T12:10:26,261641
2026-10-01,Thursday,4:00 PM,16:00,WA,Fred Meyer,604,Spanaway,NO,9,4p WA|| Fred Meyer 604 (Spanaway),#1E88E5,,EXISTING,2026-08-11T22:50:10,2026-08-13T12:10:26,2026-08-13T12:10:26,261643
2026-10-01,Thursday,4:00 PM,16:00,WA,Fred Meyer,659,Tumwater,NO,9,4p WA|| Fred Meyer 659 (Tumwater),#1E88E5,,EXISTING,2026-08-11T22:50:10,2026-08-13T12:10:26,2026-08-13T12:10:26,261565
2026-10-02,Friday,1:00 PM,13:00,WA,Safeway,1600,Bellevue,YES,1,1p WA|| Safeway 1600 (Bellevue),#1E88E5,,EXISTING,2026-08-11T22:50:10,2026-08-13T12:10:26,2026-08-13T12:10:26,260377
2026-10-02,Friday,4:00 PM,16:00,WA,QFC 808 – BELLEVUE,,Bellevue,YES,1,4p WA||QFC 808 – BELLEVUE (Bellevue),#1E88E5,,EXISTING,2026-08-11T22:50:10,2026-08-13T12:10:26,2026-08-13T12:10:26,260733
2026-10-02,Friday,4:00 PM,16:00,WA,Safeway,1142,Kirkland,YES,2,4p WA|| Safeway 1142 (Kirkland),#1E88E5,,EXISTING,2026-08-11T22:50:10,2026-08-13T12:10:26,2026-08-13T12:10:26,260091
2026-10-02,Friday,4:00 PM,16:00,WA,Safeway,2734,Kirkland,YES,2,4p WA|| Safeway 2734 (Kirkland),#1E88E5,,EXISTING,2026-08-11T22:50:10,2026-08-13T12:10:26,2026-08-13T12:10:26,260387
2026-10-02,Friday,4:00 PM,16:00,WA,Fred Meyer,608,Seattle,YES,3,4p WA|| Fred Meyer 608 (Seattle),#1E88E5,,EXISTING,2026-08-11T22:50:10,2026-08-13T12:10:26,2026-08-13T12:10:26,261647
2026-10-02,Friday,4:00 PM,16:00,WA,QFC 805 – MANHATTAN,,Seattle,YES,3,4p WA||QFC 805 – MANHATTAN (Seattle),#1E88E5,,EXISTING,2026-08-11T22:50:10,2026-08-13T12:10:26,2026-08-13T12:10:26,260729
2026-10-02,Friday,4:00 PM,16:00,WA,QFC 807 – UNIVERSITY VILLAGE,,Seattle,YES,3,4p WA||QFC 807 – UNIVERSITY VILLAGE (Seattle),#1E88E5,,EXISTING,2026-08-11T22:50:10,2026-08-13T12:10:26,2026-08-13T12:10:26,260731
2026-10-02,Friday,4:00 PM,16:00,WA,Safeway,593,Anacortes,NO,9,4p WA|| Safeway 593 (Anacortes),#1E88E5,,EXISTING,2026-08-11T22:50:10,2026-08-13T12:10:26,2026-08-13T12:10:26,260089
2026-10-02,Friday,4:00 PM,16:00,WA,Safeway,1252,Bainbridge Island,NO,9,4p WA|| Safeway 1252 (Bainbridge Island),#1E88E5,,EXISTING,2026-08-11T22:50:10,2026-08-13T12:10:26,2026-08-13T12:10:26,260093
2026-10-02,Friday,4:00 PM,16:00,WA,Fred Meyer,667,Bellingham,NO,9,4p WA|| Fred Meyer 667 (Bellingham),#1E88E5,,EXISTING,2026-08-11T22:50:10,2026-08-13T12:10:26,2026-08-13T12:10:26,261569
2026-10-02,Friday,4:00 PM,16:00,WA,Fred Meyer,25,Bllingham,NO,9,4p WA|| Fred Meyer 25 (Bllingham),#1E88E5,,EXISTING,2026-08-11T22:50:10,2026-08-13T12:10:26,2026-08-13T12:10:26,259867
2026-10-02,Friday,4:00 PM,16:00,WA,Fred Meyer,41,Boney Lake,NO,9,4p WA|| Fred Meyer 41 (Boney Lake),#1E88E5,,EXISTING,2026-08-11T22:50:10,2026-08-13T12:10:26,2026-08-13T12:10:26,259869
2026-10-02,Friday,4:00 PM,16:00,WA,Safeway,1413,Bothell,NO,9,4p WA|| Safeway 1413 (Bothell),#1E88E5,,EXISTING,2026-08-11T22:50:10,2026-08-13T12:10:26,2026-08-13T12:10:26,260375
2026-10-02,Friday,4:00 PM,16:00,WA,Safeway,1864,Bothell,NO,9,4p WA|| Safeway 1864 (Bothell),#1E88E5,,EXISTING,2026-08-11T22:50:10,2026-08-13T12:10:26,2026-08-13T12:10:26,260381
2026-10-02,Friday,4:00 PM,16:00,WA,Fred Meyer,24,Burlington,NO,9,4p WA|| Fred Meyer 24 (Burlington),#1E88E5,,EXISTING,2026-08-11T22:50:10,2026-08-13T12:10:26,2026-08-13T12:10:26,259865
2026-10-02,Friday,4:00 PM,16:00,WA,Fred Meyer,53,Covington,NO,9,4p WA|| Fred Meyer 53 (Covington),#1E88E5,,EXISTING,2026-08-11T22:50:10,2026-08-13T12:10:26,2026-08-13T12:10:26,259871
2026-10-02,Friday,4:00 PM,16:00,WA,QFC 863 – ENUMCLAW,,Enumclaw,NO,9,4p WA||QFC 863 – ENUMCLAW (Enumclaw),#1E88E5,,EXISTING,2026-08-11T22:50:10,2026-08-13T12:10:26,2026-08-13T12:10:26,260737
2026-10-02,Friday,4:00 PM,16:00,WA,Safeway,2645,Everett,NO,9,4p WA|| Safeway 2645 (Everett),#1E88E5,,EXISTING,2026-08-11T22:50:10,2026-08-13T12:10:26,2026-08-13T12:10:26,260383
2026-10-02,Friday,4:00 PM,16:00,WA,QFC 852 – CLAREMONT,,Everett,NO,9,4p WA||QFC 852 – CLAREMONT (Everett),#1E88E5,,EXISTING,2026-08-11T22:50:10,2026-08-13T12:10:26,2026-08-13T12:10:26,260725
2026-10-02,Friday,4:00 PM,16:00,WA,Safeway,1803,Lake Stevens,NO,9,4p WA|| Safeway 1803 (Lake Stevens),#1E88E5,,EXISTING,2026-08-11T22:50:10,2026-08-13T12:10:26,2026-08-13T12:10:26,260379
2026-10-02,Friday,4:00 PM,16:00,WA,Safeway,414,Mountlake Terrace,NO,9,4p WA|| Safeway 414 (Mountlake Terrace),#1E88E5,,EXISTING,2026-08-11T22:50:10,2026-08-13T12:10:26,2026-08-13T12:10:26,260077
2026-10-02,Friday,4:00 PM,16:00,WA,Safeway,558,Newcastle,NO,9,4p WA|| Safeway 558 (Newcastle),#1E88E5,,EXISTING,2026-08-11T22:50:10,2026-08-13T12:10:26,2026-08-13T12:10:26,260087
2026-10-02,Friday,4:00 PM,16:00,WA,Safeway,402,Oak Harbor,NO,9,4p WA|| Safeway 402 (Oak Harbor),#1E88E5,,EXISTING,2026-08-11T22:50:10,2026-08-13T12:10:26,2026-08-13T12:10:26,260075
2026-10-02,Friday,4:00 PM,16:00,WA,Albertsons,419,Port Orchard,NO,9,4p WA|| Albertsons 419 (Port Orchard),#1E88E5,,EXISTING,2026-08-11T22:50:10,2026-08-13T12:10:26,2026-08-13T12:10:26,260079
2026-10-02,Friday,4:00 PM,16:00,WA,Safeway,3148,Poulsbo,NO,9,4p WA|| Safeway 3148 (Poulsbo),#1E88E5,,EXISTING,2026-08-11T22:50:10,2026-08-13T12:10:26,2026-08-13T12:10:26,260389
2026-10-02,Friday,4:00 PM,16:00,WA,Safeway,2729,Puyallup,NO,9,4p WA|| Safeway 2729 (Puyallup),#1E88E5,,EXISTING,2026-08-11T22:50:10,2026-08-13T12:10:26,2026-08-13T12:10:26,260385
2026-10-02,Friday,4:00 PM,16:00,WA,QFC 860 – EAST REDMOND,,Redmond,NO,9,4p WA||QFC 860 – EAST REDMOND (Redmond),#1E88E5,,EXISTING,2026-08-11T22:50:10,2026-08-13T12:10:26,2026-08-13T12:10:26,260735
2026-10-02,Friday,4:00 PM,16:00,WA,Safeway,519,Renton,NO,9,4p WA|| Safeway 519 (Renton),#1E88E5,,EXISTING,2026-08-11T22:50:10,2026-08-13T12:10:26,2026-08-13T12:10:26,260081
2026-10-02,Friday,4:00 PM,16:00,WA,Safeway,555,Sammamish,NO,9,4p WA|| Safeway 555 (Sammamish),#1E88E5,,EXISTING,2026-08-11T22:50:10,2026-08-13T12:10:26,2026-08-13T12:10:26,260085
2026-10-02,Friday,4:00 PM,16:00,WA,Fred Meyer,665,Sumner,NO,9,4p WA|| Fred Meyer 665 (Sumner),#1E88E5,,EXISTING,2026-08-11T22:50:10,2026-08-13T12:10:26,2026-08-13T12:10:26,261567
2026-10-02,Friday,4:00 PM,16:00,WA,Fred Meyer,605,Tacoma,NO,9,4p WA|| Fred Meyer 605 (Tacoma),#1E88E5,,EXISTING,2026-08-11T22:50:10,2026-08-13T12:10:26,2026-08-13T12:10:26,261645
2026-10-02,Friday,4:00 PM,16:00,WA,Fred Meyer,93,Vancouver,NO,9,4p WA|| Fred Meyer 93 (Vancouver),#1E88E5,,EXISTING,2026-08-11T22:50:10,2026-08-13T12:10:26,2026-08-13T12:10:26,259873
2026-10-02,Friday,4:00 PM,16:00,WA,Safeway,533,Woodinville,NO,9,4p WA|| Safeway 533 (Woodinville),#1E88E5,,EXISTING,2026-08-11T22:50:10,2026-08-13T12:10:26,2026-08-13T12:10:26,260083
2026-10-03,Saturday,1:00 PM,13:00,WA,Fred Meyer,122,Seattle,YES,3,1p WA|| Fred Meyer 122 (Seattle),#1E88E5,,EXISTING,2026-08-11T22:50:10,2026-08-13T12:10:26,2026-08-13T12:10:26,260241
2026-10-03,Saturday,1:00 PM,13:00,WA,Fred Meyer,25,Bllingham,NO,9,1p WA|| Fred Meyer 25 (Bllingham),#1E88E5,,EXISTING,2026-08-11T22:50:10,2026-08-13T12:10:26,2026-08-13T12:10:26,260231
2026-10-03,Saturday,1:00 PM,13:00,WA,Fred Meyer,41,Boney Lake,NO,9,1p WA|| Fred Meyer 41 (Boney Lake),#1E88E5,,EXISTING,2026-08-11T22:50:10,2026-08-13T12:10:26,2026-08-13T12:10:26,260233
2026-10-03,Saturday,1:00 PM,13:00,WA,Fred Meyer,171,Bremerton,NO,9,1p WA|| Fred Meyer 171 (Bremerton),#1E88E5,,EXISTING,2026-08-11T22:50:10,2026-08-13T12:10:26,2026-08-13T12:10:26,260245
2026-10-03,Saturday,1:00 PM,13:00,WA,Fred Meyer,24,Burlington,NO,9,1p WA|| Fred Meyer 24 (Burlington),#1E88E5,,EXISTING,2026-08-11T22:50:10,2026-08-13T12:10:26,2026-08-13T12:10:26,260229
2026-10-03,Saturday,1:00 PM,13:00,WA,Fred Meyer,53,Covington,NO,9,1p WA|| Fred Meyer 53 (Covington),#1E88E5,,EXISTING,2026-08-11T22:50:10,2026-08-13T12:10:26,2026-08-13T12:10:26,260235
2026-10-03,Saturday,1:00 PM,13:00,WA,Fred Meyer,652,Ellensburg,NO,9,1p WA|| Fred Meyer 652 (Ellensburg),#1E88E5,,EXISTING,2026-08-11T22:50:10,2026-08-13T12:10:26,2026-08-13T12:10:26,261651
2026-10-03,Saturday,1:00 PM,13:00,WA,Fred Meyer,111,Federal Way,NO,9,1p WA|| Fred Meyer 111 (Federal Way),#1E88E5,,EXISTING,2026-08-11T22:50:10,2026-08-13T12:10:26,2026-08-13T12:10:26,260239
2026-10-03,Saturday,1:00 PM,13:00,WA,Fred Meyer,691,Gig Harbor,NO,9,1p WA|| Fred Meyer 691 (Gig Harbor),#1E88E5,,EXISTING,2026-08-11T22:50:10,2026-08-13T12:10:26,2026-08-13T12:10:26,261573
2026-10-03,Saturday,1:00 PM,13:00,WA,Fred Meyer,163,Kennewick,NO,9,1p WA|| Fred Meyer 163 (Kennewick),#1E88E5,,EXISTING,2026-08-11T22:50:10,2026-08-13T12:10:26,2026-08-13T12:10:26,260243
2026-10-03,Saturday,1:00 PM,13:00,WA,Fred Meyer,186,Lacey,NO,9,1p WA|| Fred Meyer 186 (Lacey),#1E88E5,,EXISTING,2026-08-11T22:50:10,2026-08-13T12:10:26,2026-08-13T12:10:26,260247
2026-10-03,Saturday,1:00 PM,13:00,WA,Fred Meyer,688,Lynnwood,NO,9,1p WA|| Fred Meyer 688 (Lynnwood),#1E88E5,,EXISTING,2026-08-11T22:50:10,2026-08-13T12:10:26,2026-08-13T12:10:26,261571
2026-10-03,Saturday,1:00 PM,13:00,WA,Fred Meyer,615,University Place,NO,9,1p WA|| Fred Meyer 615 (University Place),#1E88E5,,EXISTING,2026-08-11T22:50:10,2026-08-13T12:10:26,2026-08-13T12:10:26,261649
2026-10-03,Saturday,4:00 PM,16:00,WA,QFC 866 – NORTHGATE,,Seattle,YES,3,4p WA||QFC 866 – NORTHGATE (Seattle),#1E88E5,,EXISTING,2026-08-11T22:50:10,2026-08-13T12:10:26,2026-08-13T12:10:26,261723
2026-10-03,Saturday,4:00 PM,16:00,WA,QFC 819 – BOTHELL,,Bothell,NO,9,4p WA||QFC 819 – BOTHELL (Bothell),#1E88E5,,EXISTING,2026-08-11T22:50:10,2026-08-13T12:10:26,2026-08-13T12:10:26,261727
2026-10-03,Saturday,4:00 PM,16:00,WA,QFC 863 – ENUMCLAW,,Enumclaw,NO,9,4p WA||QFC 863 – ENUMCLAW (Enumclaw),#1E88E5,,EXISTING,2026-08-11T22:50:10,2026-08-13T12:10:26,2026-08-13T12:10:26,261721
2026-10-03,Saturday,4:00 PM,16:00,WA,QFC 860 – EAST REDMOND,,Redmond,NO,9,4p WA||QFC 860 – EAST REDMOND (Redmond),#1E88E5,,EXISTING,2026-08-11T22:50:10,2026-08-13T12:10:26,2026-08-13T12:10:26,261719
2026-10-03,Saturday,4:00 PM,16:00,WA,QFC 816 – RICHMOND BEACH,,Shoreline,NO,9,4p WA||QFC 816 – RICHMOND BEACH (Shoreline),#1E88E5,,EXISTING,2026-08-11T22:50:10,2026-08-13T12:10:26,2026-08-13T12:10:26,261725
2026-10-03,Saturday,4:30 PM,16:30,WA,Fred Meyer,391,Kirkland,YES,2,4:30p WA|| Fred Meyer 391 (Kirkland),#1E88E5,,EXISTING,2026-08-11T22:50:10,2026-08-13T12:10:26,2026-08-13T12:10:26,260259
2026-10-03,Saturday,4:30 PM,16:30,WA,Fred Meyer,122,Seattle,YES,3,4:30p WA|| Fred Meyer 122 (Seattle),#1E88E5,,EXISTING,2026-08-11T22:50:10,2026-08-13T12:10:26,2026-08-13T12:10:26,260583
2026-10-03,Saturday,4:30 PM,16:30,WA,Fred Meyer,25,Bllingham,NO,9,4:30p WA|| Fred Meyer 25 (Bllingham),#1E88E5,,EXISTING,2026-08-11T22:50:10,2026-08-13T12:10:26,2026-08-13T12:10:26,260573
2026-10-03,Saturday,4:30 PM,16:30,WA,Fred Meyer,41,Boney Lake,NO,9,4:30p WA|| Fred Meyer 41 (Boney Lake),#1E88E5,,EXISTING,2026-08-11T22:50:10,2026-08-13T12:10:26,2026-08-13T12:10:26,260575
2026-10-03,Saturday,4:30 PM,16:30,WA,Fred Meyer,24,Burlington,NO,9,4:30p WA|| Fred Meyer 24 (Burlington),#1E88E5,,EXISTING,2026-08-11T22:50:10,2026-08-13T12:10:26,2026-08-13T12:10:26,260571
2026-10-03,Saturday,4:30 PM,16:30,WA,Fred Meyer,53,Covington,NO,9,4:30p WA|| Fred Meyer 53 (Covington),#1E88E5,,EXISTING,2026-08-11T22:50:10,2026-08-13T12:10:26,2026-08-13T12:10:26,260577
2026-10-03,Saturday,4:30 PM,16:30,WA,Fred Meyer,458,Everett,NO,9,4:30p WA|| Fred Meyer 458 (Everett),#1E88E5,,EXISTING,2026-08-11T22:50:10,2026-08-13T12:10:26,2026-08-13T12:10:26,260263
2026-10-03,Saturday,4:30 PM,16:30,WA,Fred Meyer,111,Federal Way,NO,9,4:30p WA|| Fred Meyer 111 (Federal Way),#1E88E5,,EXISTING,2026-08-11T22:50:10,2026-08-13T12:10:26,2026-08-13T12:10:26,260581
2026-10-03,Saturday,4:30 PM,16:30,WA,Fred Meyer,163,Kennewick,NO,9,4:30p WA|| Fred Meyer 163 (Kennewick),#1E88E5,,EXISTING,2026-08-11T22:50:10,2026-08-13T12:10:26,2026-08-13T12:10:26,260585
2026-10-03,Saturday,4:30 PM,16:30,WA,Fred Meyer,210,Monroe,NO,9,4:30p WA|| Fred Meyer 210 (Monroe),#1E88E5,,EXISTING,2026-08-11T22:50:10,2026-08-13T12:10:26,2026-08-13T12:10:26,260251
2026-10-03,Saturday,4:30 PM,16:30,WA,Fred Meyer,265,Puyallup,NO,9,4:30p WA|| Fred Meyer 265 (Puyallup),#1E88E5,,EXISTING,2026-08-11T22:50:10,2026-08-13T12:10:26,2026-08-13T12:10:26,260257
2026-10-03,Saturday,4:30 PM,16:30,WA,Fred Meyer,424,Puyallup,NO,9,4:30p WA|| Fred Meyer 424 (Puyallup),#1E88E5,,EXISTING,2026-08-11T22:50:10,2026-08-13T12:10:26,2026-08-13T12:10:26,260261
2026-10-03,Saturday,4:30 PM,16:30,WA,Fred Meyer,214,Spokane,NO,9,4:30p WA|| Fred Meyer 214 (Spokane),#1E88E5,,EXISTING,2026-08-11T22:50:10,2026-08-13T12:10:26,2026-08-13T12:10:26,260253
2026-10-03,Saturday,4:30 PM,16:30,WA,Fred Meyer,208,Vancouver,NO,9,4:30p WA|| Fred Meyer 208 (Vancouver),#1E88E5,,EXISTING,2026-08-11T22:50:10,2026-08-13T12:10:26,2026-08-13T12:10:26,260249
2026-10-03,Saturday,4:30 PM,16:30,WA,Fred Meyer,236,Vancouver,NO,9,4:30p WA|| Fred Meyer 236 (Vancouver),#1E88E5,,EXISTING,2026-08-11T22:50:10,2026-08-13T12:10:26,2026-08-13T12:10:26,260255
2026-10-03,Saturday,4:30 PM,16:30,WA,Fred Meyer,460,Vancouver,NO,9,4:30p WA|| Fred Meyer 460 (Vancouver),#1E88E5,,EXISTING,2026-08-11T22:50:10,2026-08-13T12:10:26,2026-08-13T12:10:26,260265
2026-10-03,Saturday,4:30 PM,16:30,WA,Fred Meyer,486,Yakima,NO,9,4:30p WA|| Fred Meyer 486 (Yakima),#1E88E5,,EXISTING,2026-08-11T22:50:10,2026-08-13T12:10:26,2026-08-13T12:10:26,260267
2026-10-04,Sunday,2:00 PM,14:00,WA,Fred Meyer,608,Seattle,YES,3,2p WA|| Fred Meyer 608 (Seattle),#1E88E5,,EXISTING,2026-08-11T22:50:10,2026-08-13T12:10:26,2026-08-13T12:10:26,260271
2026-10-04,Sunday,2:00 PM,14:00,WA,Fred Meyer,652,Ellensburg,NO,9,2p WA|| Fred Meyer 652 (Ellensburg),#1E88E5,,EXISTING,2026-08-11T22:50:10,2026-08-13T12:10:26,2026-08-13T12:10:26,260273
2026-10-04,Sunday,2:00 PM,14:00,WA,Fred Meyer,658,Issaquah,NO,9,2p WA|| Fred Meyer 658 (Issaquah),#1E88E5,,EXISTING,2026-08-11T22:50:10,2026-08-13T12:10:26,2026-08-13T12:10:26,260277
2026-10-04,Sunday,2:00 PM,14:00,WA,Fred Meyer,655,Port Orchard,NO,9,2p WA|| Fred Meyer 655 (Port Orchard),#1E88E5,,EXISTING,2026-08-11T22:50:10,2026-08-13T12:10:26,2026-08-13T12:10:26,260275
2026-10-04,Sunday,2:00 PM,14:00,WA,Fred Meyer,605,Tacoma,NO,9,2p WA|| Fred Meyer 605 (Tacoma),#1E88E5,,EXISTING,2026-08-11T22:50:10,2026-08-13T12:10:26,2026-08-13T12:10:26,260269
2026-10-08,Thursday,4:00 PM,16:00,WA,QFC 821 – ISSAQUAH,,Issaquah,NO,9,4p WA||QFC 821 – ISSAQUAH (Issaquah),#1E88E5,,EXISTING,2026-08-11T22:50:10,2026-08-13T12:10:26,2026-08-13T12:10:26,261731
2026-10-08,Thursday,4:00 PM,16:00,WA,QFC 820 – REDMOND,,Redmond,NO,9,4p WA||QFC 820 – REDMOND (Redmond),#1E88E5,,EXISTING,2026-08-11T22:50:10,2026-08-13T12:10:26,2026-08-13T12:10:26,261729
2026-10-09,Friday,4:00 PM,16:00,WA,QFC 808 – BELLEVUE,,Bellevue,YES,1,4p WA||QFC 808 – BELLEVUE (Bellevue),#1E88E5,,EXISTING,2026-08-11T22:50:10,2026-08-13T12:10:26,2026-08-13T12:10:26,260503
2026-10-09,Friday,4:00 PM,16:00,WA,QFC 822 – FACTORIA,,Bellevue,YES,1,4p WA||QFC 822 – FACTORIA (Bellevue),#1E88E5,,EXISTING,2026-08-11T22:50:10,2026-08-13T12:10:26,2026-08-13T12:10:26,261733
2026-10-09,Friday,4:00 PM,16:00,WA,Fred Meyer,391,Kirkland,YES,2,4p WA|| Fred Meyer 391 (Kirkland),#1E88E5,,EXISTING,2026-08-11T22:50:10,2026-08-13T12:10:26,2026-08-13T12:10:26,260601
2026-10-09,Friday,4:00 PM,16:00,WA,QFC 805 – MANHATTAN,,Seattle,YES,3,4p WA||QFC 805 – MANHATTAN (Seattle),#1E88E5,,EXISTING,2026-08-11T22:50:10,2026-08-13T12:10:26,2026-08-13T12:10:26,260499
2026-10-09,Friday,4:00 PM,16:00,WA,QFC 807 – UNIVERSITY VILLAGE,,Seattle,YES,3,4p WA||QFC 807 – UNIVERSITY VILLAGE (Seattle),#1E88E5,,EXISTING,2026-08-11T22:50:10,2026-08-13T12:10:26,2026-08-13T12:10:26,260501
2026-10-09,Friday,4:00 PM,16:00,WA,QFC 847 – HARVARD MARKET,,Seattle,YES,3,4p WA||QFC 847 – HARVARD MARKET (Seattle),#1E88E5,,EXISTING,2026-08-11T22:50:10,2026-08-13T12:10:26,2026-08-13T12:10:26,260489
2026-10-09,Friday,4:00 PM,16:00,WA,QFC 101 – BELFAIR,,Belfair,NO,9,4p WA||QFC 101 – BELFAIR (Belfair),#1E88E5,,EXISTING,2026-08-11T22:50:10,2026-08-13T12:10:26,2026-08-13T12:10:26,260485
2026-10-09,Friday,4:00 PM,16:00,WA,QFC 850 – CANYON PARK,,Bothell,NO,9,4p WA||QFC 850 – CANYON PARK (Bothell),#1E88E5,,EXISTING,2026-08-11T22:50:10,2026-08-13T12:10:26,2026-08-13T12:10:26,260491
2026-10-09,Friday,4:00 PM,16:00,WA,Fred Meyer,171,Bremerton,NO,9,4p WA|| Fred Meyer 171 (Bremerton),#1E88E5,,EXISTING,2026-08-11T22:50:10,2026-08-13T12:10:26,2026-08-13T12:10:26,260587
2026-10-09,Friday,4:00 PM,16:00,WA,Fred Meyer,654,East Wenatchee,NO,9,4p WA|| Fred Meyer 654 (East Wenatchee),#1E88E5,,EXISTING,2026-08-11T22:50:10,2026-08-13T12:10:26,2026-08-13T12:10:26,261653
2026-10-09,Friday,4:00 PM,16:00,WA,QFC 851 – EDMONDS,,Edmonds,NO,9,4p WA||QFC 851 – EDMONDS (Edmonds),#1E88E5,,EXISTING,2026-08-11T22:50:10,2026-08-13T12:10:26,2026-08-13T12:10:26,260493
2026-10-09,Friday,4:00 PM,16:00,WA,Fred Meyer,458,Everett,NO,9,4p WA|| Fred Meyer 458 (Everett),#1E88E5,,EXISTING,2026-08-11T22:50:10,2026-08-13T12:10:26,2026-08-13T12:10:26,260605
2026-10-09,Friday,4:00 PM,16:00,WA,QFC 852 – CLAREMONT,,Everett,NO,9,4p WA||QFC 852 – CLAREMONT (Everett),#1E88E5,,EXISTING,2026-08-11T22:50:10,2026-08-13T12:10:26,2026-08-13T12:10:26,260495
2026-10-09,Friday,4:00 PM,16:00,WA,Fred Meyer,658,Issaquah,NO,9,4p WA|| Fred Meyer 658 (Issaquah),#1E88E5,,EXISTING,2026-08-11T22:50:10,2026-08-13T12:10:26,2026-08-13T12:10:26,261659
2026-10-09,Friday,4:00 PM,16:00,WA,Fred Meyer,186,Lacey,NO,9,4p WA|| Fred Meyer 186 (Lacey),#1E88E5,,EXISTING,2026-08-11T22:50:10,2026-08-13T12:10:26,2026-08-13T12:10:26,260589
2026-10-09,Friday,4:00 PM,16:00,WA,QFC 839 – NORTH MERCER,,Mercer Island,NO,9,4p WA||QFC 839 – NORTH MERCER (Mercer Island),#1E88E5,,EXISTING,2026-08-11T22:50:10,2026-08-13T12:10:26,2026-08-13T12:10:26,260487
2026-10-09,Friday,4:00 PM,16:00,WA,Fred Meyer,210,Monroe,NO,9,4p WA|| Fred Meyer 210 (Monroe),#1E88E5,,EXISTING,2026-08-11T22:50:10,2026-08-13T12:10:26,2026-08-13T12:10:26,260593
2026-10-09,Friday,4:00 PM,16:00,WA,Fred Meyer,655,Port Orchard,NO,9,4p WA|| Fred Meyer 655 (Port Orchard),#1E88E5,,EXISTING,2026-08-11T22:50:10,2026-08-13T12:10:26,2026-08-13T12:10:26,261655
2026-10-09,Friday,4:00 PM,16:00,WA,Fred Meyer,265,Puyallup,NO,9,4p WA|| Fred Meyer 265 (Puyallup),#1E88E5,,EXISTING,2026-08-11T22:50:10,2026-08-13T12:10:26,2026-08-13T12:10:26,260599
2026-10-09,Friday,4:00 PM,16:00,WA,Fred Meyer,424,Puyallup,NO,9,4p WA|| Fred Meyer 424 (Puyallup),#1E88E5,,EXISTING,2026-08-11T22:50:10,2026-08-13T12:10:26,2026-08-13T12:10:26,260603
2026-10-09,Friday,4:00 PM,16:00,WA,QFC 824 – PINE LAKE,,Sammamish,NO,9,4p WA||QFC 824 – PINE LAKE (Sammamish),#1E88E5,,EXISTING,2026-08-11T22:50:10,2026-08-13T12:10:26,2026-08-13T12:10:26,261735
2026-10-09,Friday,4:00 PM,16:00,WA,Fred Meyer,214,Spokane,NO,9,4p WA|| Fred Meyer 214 (Spokane),#1E88E5,,EXISTING,2026-08-11T22:50:10,2026-08-13T12:10:26,2026-08-13T12:10:26,260595
2026-10-09,Friday,4:00 PM,16:00,WA,Fred Meyer,657,Spokane,NO,9,4p WA|| Fred Meyer 657 (Spokane),#1E88E5,,EXISTING,2026-08-11T22:50:10,2026-08-13T12:10:26,2026-08-13T12:10:26,261657
2026-10-09,Friday,4:00 PM,16:00,WA,Fred Meyer,659,Tumwater,NO,9,4p WA|| Fred Meyer 659 (Tumwater),#1E88E5,,EXISTING,2026-08-11T22:50:10,2026-08-13T12:10:26,2026-08-13T12:10:26,261661
2026-10-09,Friday,4:00 PM,16:00,WA,Fred Meyer,208,Vancouver,NO,9,4p WA|| Fred Meyer 208 (Vancouver),#1E88E5,,EXISTING,2026-08-11T22:50:10,2026-08-13T12:10:26,2026-08-13T12:10:26,260591
2026-10-09,Friday,4:00 PM,16:00,WA,QFC 212 – RIVERSTONE MARKETPLACE,,Vancouver,NO,9,4p WA||QFC 212 – RIVERSTONE MARKETPLACE (Vancouver),#1E88E5,,EXISTING,2026-08-11T22:50:10,2026-08-13T12:10:26,2026-08-13T12:10:26,260497
2026-10-10,Saturday,1:00 PM,13:00,WA,Fred Meyer,122,Seattle,YES,3,1p WA|| Fred Meyer 122 (Seattle),#1E88E5,,EXISTING,2026-08-11T22:50:10,2026-08-13T12:10:26,2026-08-13T12:10:26,259877
2026-10-10,Saturday,1:00 PM,13:00,WA,Fred Meyer,608,Seattle,YES,3,1p WA|| Fred Meyer 608 (Seattle),#1E88E5,,EXISTING,2026-08-11T22:50:10,2026-08-13T12:10:26,2026-08-13T12:10:26,260613
2026-10-10,Saturday,1:00 PM,13:00,WA,QFC 825 – WESTWOOD VLLG,,Seattle,YES,3,1p WA||QFC 825 – WESTWOOD VLLG (Seattle),#1E88E5,,EXISTING,2026-08-11T22:50:10,2026-08-13T12:10:26,2026-08-13T12:10:26,261737
2026-10-10,Saturday,1:00 PM,13:00,WA,QFC 869 – WALLINGFORD,,Seattle,YES,3,1p WA||QFC 869 – WALLINGFORD (Seattle),#1E88E5,,EXISTING,2026-08-11T22:50:10,2026-08-13T12:10:26,2026-08-13T12:10:26,261739
2026-10-10,Saturday,1:00 PM,13:00,WA,Fred Meyer,171,Bremerton,NO,9,1p WA|| Fred Meyer 171 (Bremerton),#1E88E5,,EXISTING,2026-08-11T22:50:10,2026-08-13T12:10:26,2026-08-13T12:10:26,259881
2026-10-10,Saturday,1:00 PM,13:00,WA,Fred Meyer,652,Ellensburg,NO,9,1p WA|| Fred Meyer 652 (Ellensburg),#1E88E5,,EXISTING,2026-08-11T22:50:10,2026-08-13T12:10:26,2026-08-13T12:10:26,260615
2026-10-10,Saturday,1:00 PM,13:00,WA,Fred Meyer,111,Federal Way,NO,9,1p WA|| Fred Meyer 111 (Federal Way),#1E88E5,,EXISTING,2026-08-11T22:50:10,2026-08-13T12:10:26,2026-08-13T12:10:26,259875
2026-10-10,Saturday,1:00 PM,13:00,WA,Fred Meyer,658,Issaquah,NO,9,1p WA|| Fred Meyer 658 (Issaquah),#1E88E5,,EXISTING,2026-08-11T22:50:10,2026-08-13T12:10:26,2026-08-13T12:10:26,260619
2026-10-10,Saturday,1:00 PM,13:00,WA,Fred Meyer,163,Kennewick,NO,9,1p WA|| Fred Meyer 163 (Kennewick),#1E88E5,,EXISTING,2026-08-11T22:50:10,2026-08-13T12:10:26,2026-08-13T12:10:26,259879
2026-10-10,Saturday,1:00 PM,13:00,WA,Fred Meyer,186,Lacey,NO,9,1p WA|| Fred Meyer 186 (Lacey),#1E88E5,,EXISTING,2026-08-11T22:50:10,2026-08-13T12:10:26,2026-08-13T12:10:26,259883
2026-10-10,Saturday,1:00 PM,13:00,WA,Fred Meyer,210,Monroe,NO,9,1p WA|| Fred Meyer 210 (Monroe),#1E88E5,,EXISTING,2026-08-11T22:50:10,2026-08-13T12:10:26,2026-08-13T12:10:26,259887
2026-10-10,Saturday,1:00 PM,13:00,WA,Safeway,414,Mountlake Terrace,NO,9,1p WA|| Safeway 414 (Mountlake Terrace),#1E88E5,,EXISTING,2026-08-11T22:50:10,2026-08-13T12:10:26,2026-08-13T12:10:26,260367
2026-10-10,Saturday,1:00 PM,13:00,WA,Safeway,558,Newcastle,NO,9,1p WA|| Safeway 558 (Newcastle),#1E88E5,,EXISTING,2026-08-11T22:50:10,2026-08-13T12:10:26,2026-08-13T12:10:26,260373
2026-10-10,Saturday,1:00 PM,13:00,WA,Safeway,402,Oak Harbor,NO,9,1p WA|| Safeway 402 (Oak Harbor),#1E88E5,,EXISTING,2026-08-11T22:50:10,2026-08-13T12:10:26,2026-08-13T12:10:26,260365
2026-10-10,Saturday,1:00 PM,13:00,WA,Fred Meyer,655,Port Orchard,NO,9,1p WA|| Fred Meyer 655 (Port Orchard),#1E88E5,,EXISTING,2026-08-11T22:50:10,2026-08-13T12:10:26,2026-08-13T12:10:26,260617
2026-10-10,Saturday,1:00 PM,13:00,WA,Fred Meyer,265,Puyallup,NO,9,1p WA|| Fred Meyer 265 (Puyallup),#1E88E5,,EXISTING,2026-08-11T22:50:10,2026-08-13T12:10:26,2026-08-13T12:10:26,259893
2026-10-10,Saturday,1:00 PM,13:00,WA,Safeway,555,Sammamish,NO,9,1p WA|| Safeway 555 (Sammamish),#1E88E5,,EXISTING,2026-08-11T22:50:10,2026-08-13T12:10:26,2026-08-13T12:10:26,260371
2026-10-10,Saturday,1:00 PM,13:00,WA,Fred Meyer,214,Spokane,NO,9,1p WA|| Fred Meyer 214 (Spokane),#1E88E5,,EXISTING,2026-08-11T22:50:10,2026-08-13T12:10:26,2026-08-13T12:10:26,259889
2026-10-10,Saturday,1:00 PM,13:00,WA,Fred Meyer,605,Tacoma,NO,9,1p WA|| Fred Meyer 605 (Tacoma),#1E88E5,,EXISTING,2026-08-11T22:50:10,2026-08-13T12:10:26,2026-08-13T12:10:26,260611
2026-10-10,Saturday,1:00 PM,13:00,WA,Fred Meyer,659,Tumwater,NO,9,1p WA|| Fred Meyer 659 (Tumwater),#1E88E5,,EXISTING,2026-08-11T22:50:10,2026-08-13T12:10:26,2026-08-13T12:10:26,260621
2026-10-10,Saturday,1:00 PM,13:00,WA,Fred Meyer,208,Vancouver,NO,9,1p WA|| Fred Meyer 208 (Vancouver),#1E88E5,,EXISTING,2026-08-11T22:50:10,2026-08-13T12:10:26,2026-08-13T12:10:26,259885
2026-10-10,Saturday,1:00 PM,13:00,WA,Fred Meyer,236,Vancouver,NO,9,1p WA|| Fred Meyer 236 (Vancouver),#1E88E5,,EXISTING,2026-08-11T22:50:10,2026-08-13T12:10:26,2026-08-13T12:10:26,259891
2026-10-10,Saturday,1:00 PM,13:00,WA,Safeway,533,Woodinville,NO,9,1p WA|| Safeway 533 (Woodinville),#1E88E5,,EXISTING,2026-08-11T22:50:10,2026-08-13T12:10:26,2026-08-13T12:10:26,260369
2026-10-10,Saturday,1:00 PM,13:00,WA,Fred Meyer,486,Yakima,NO,9,1p WA|| Fred Meyer 486 (Yakima),#1E88E5,,EXISTING,2026-08-11T22:50:10,2026-08-13T12:10:26,2026-08-13T12:10:26,260609
2026-10-10,Saturday,4:00 PM,16:00,WA,Fred Meyer,667,Bellingham,NO,9,4p WA|| Fred Meyer 667 (Bellingham),#1E88E5,,EXISTING,2026-08-11T22:50:10,2026-08-13T12:10:26,2026-08-13T12:10:26,261665
2026-10-10,Saturday,4:00 PM,16:00,WA,Fred Meyer,665,Sumner,NO,9,4p WA|| Fred Meyer 665 (Sumner),#1E88E5,,EXISTING,2026-08-11T22:50:10,2026-08-13T12:10:26,2026-08-13T12:10:26,261663
2026-10-11,Sunday,11:00 AM,11:00,WA,Fred Meyer,682,Maple Valley,NO,9,11a WA|| Fred Meyer 682 (Maple Valley),#1E88E5,,EXISTING,2026-08-11T22:50:10,2026-08-13T12:10:26,2026-08-13T12:10:26,261669
2026-10-11,Sunday,11:00 AM,11:00,WA,Fred Meyer,681,Snohomish,NO,9,11a WA|| Fred Meyer 681 (Snohomish),#1E88E5,,EXISTING,2026-08-11T22:50:10,2026-08-13T12:10:26,2026-08-13T12:10:26,261667
2026-10-16,Friday,2:00 PM,14:00,WA,Total Wine & More,1401,Bellevue,YES,1,2p WA|| Total Wine & More 1401 (Bellevue),#1E88E5,,EXISTING,2026-08-11T22:50:10,2026-08-13T12:10:26,2026-08-13T12:10:26,256337
2026-10-16,Friday,4:00 PM,16:00,WA,Safeway,1600,Bellevue,YES,1,4p WA|| Safeway 1600 (Bellevue),#1E88E5,,EXISTING,2026-08-11T22:50:10,2026-08-13T12:10:26,2026-08-13T12:10:26,261041
2026-10-16,Friday,4:00 PM,16:00,WA,QFC 808 – BELLEVUE,,Bellevue,YES,1,4p WA||QFC 808 – BELLEVUE (Bellevue),#1E88E5,,EXISTING,2026-08-11T22:50:10,2026-08-13T12:10:26,2026-08-13T12:10:26,261129
2026-10-16,Friday,4:00 PM,16:00,WA,Safeway,1993,Seattle,YES,3,4p WA|| Safeway 1993 (Seattle),#1E88E5,,EXISTING,2026-08-11T22:50:10,2026-08-13T12:10:26,2026-08-13T12:10:26,261043
2026-10-16,Friday,4:00 PM,16:00,WA,QFC 805 – MANHATTAN,,Seattle,YES,3,4p WA||QFC 805 – MANHATTAN (Seattle),#1E88E5,,EXISTING,2026-08-11T22:50:10,2026-08-13T12:10:26,2026-08-13T12:10:26,261125
2026-10-16,Friday,4:00 PM,16:00,WA,QFC 807 – UNIVERSITY VILLAGE,,Seattle,YES,3,4p WA||QFC 807 – UNIVERSITY VILLAGE (Seattle),#1E88E5,,EXISTING,2026-08-11T22:50:10,2026-08-13T12:10:26,2026-08-13T12:10:26,261127
2026-10-16,Friday,4:00 PM,16:00,WA,QFC 872 – HOLMAN ROAD,,Seattle,YES,3,4p WA||QFC 872 – HOLMAN ROAD (Seattle),#1E88E5,,EXISTING,2026-08-11T22:50:10,2026-08-13T12:10:26,2026-08-13T12:10:26,261745
2026-10-16,Friday,4:00 PM,16:00,WA,Safeway,593,Anacortes,NO,9,4p WA|| Safeway 593 (Anacortes),#1E88E5,,EXISTING,2026-08-11T22:50:10,2026-08-13T12:10:26,2026-08-13T12:10:26,261035
2026-10-16,Friday,4:00 PM,16:00,WA,Safeway,1252,Bainbridge Island,NO,9,4p WA|| Safeway 1252 (Bainbridge Island),#1E88E5,,EXISTING,2026-08-11T22:50:10,2026-08-13T12:10:26,2026-08-13T12:10:26,261037
2026-10-16,Friday,4:00 PM,16:00,WA,Fred Meyer,667,Bellingham,NO,9,4p WA|| Fred Meyer 667 (Bellingham),#1E88E5,,EXISTING,2026-08-11T22:50:10,2026-08-13T12:10:26,2026-08-13T12:10:26,261999
2026-10-16,Friday,4:00 PM,16:00,WA,Fred Meyer,25,Bllingham,NO,9,4p WA|| Fred Meyer 25 (Bllingham),#1E88E5,,EXISTING,2026-08-11T22:50:10,2026-08-13T12:10:26,2026-08-13T12:10:26,261987
2026-10-16,Friday,4:00 PM,16:00,WA,QFC 850 – CANYON PARK,,Bothell,NO,9,4p WA||QFC 850 – CANYON PARK (Bothell),#1E88E5,,EXISTING,2026-08-11T22:50:10,2026-08-13T12:10:26,2026-08-13T12:10:26,261117
2026-10-16,Friday,4:00 PM,16:00,WA,QFC 851 – EDMONDS,,Edmonds,NO,9,4p WA||QFC 851 – EDMONDS (Edmonds),#1E88E5,,EXISTING,2026-08-11T22:50:10,2026-08-13T12:10:26,2026-08-13T12:10:26,261119
2026-10-16,Friday,4:00 PM,16:00,WA,QFC 852 – CLAREMONT,,Everett,NO,9,4p WA||QFC 852 – CLAREMONT (Everett),#1E88E5,,EXISTING,2026-08-11T22:50:10,2026-08-13T12:10:26,2026-08-13T12:10:26,261121
2026-10-16,Friday,4:00 PM,16:00,WA,Safeway,3321,Gig Harbor,NO,9,4p WA|| Safeway 3321 (Gig Harbor),#1E88E5,,EXISTING,2026-08-11T22:50:10,2026-08-13T12:10:26,2026-08-13T12:10:26,261047
2026-10-16,Friday,4:00 PM,16:00,WA,QFC 126 – LACEY,,Lacey,NO,9,4p WA||QFC 126 – LACEY (Lacey),#1E88E5,,EXISTING,2026-08-11T22:50:10,2026-08-13T12:10:26,2026-08-13T12:10:26,261113
2026-10-16,Friday,4:00 PM,16:00,WA,Safeway,2248,Liberty Lake,NO,9,4p WA|| Safeway 2248 (Liberty Lake),#1E88E5,,EXISTING,2026-08-11T22:50:10,2026-08-13T12:10:26,2026-08-13T12:10:26,261045
2026-10-16,Friday,4:00 PM,16:00,WA,QFC 839 – NORTH MERCER,,Mercer Island,NO,9,4p WA||QFC 839 – NORTH MERCER (Mercer Island),#1E88E5,,EXISTING,2026-08-11T22:50:10,2026-08-13T12:10:26,2026-08-13T12:10:26,261115
2026-10-16,Friday,4:00 PM,16:00,WA,Fred Meyer,210,Monroe,NO,9,4p WA|| Fred Meyer 210 (Monroe),#1E88E5,,EXISTING,2026-08-11T22:50:10,2026-08-13T12:10:26,2026-08-13T12:10:26,261989
2026-10-16,Friday,4:00 PM,16:00,WA,QFC 857 – MOUNTLAKE TERRACE,,Mountlake Terrace,NO,9,4p WA||QFC 857 – MOUNTLAKE TERRACE (Mountlake Terrace),#1E88E5,,EXISTING,2026-08-11T22:50:10,2026-08-13T12:10:26,2026-08-13T12:10:26,261131
2026-10-16,Friday,4:00 PM,16:00,WA,Safeway,558,Newcastle,NO,9,4p WA|| Safeway 558 (Newcastle),#1E88E5,,EXISTING,2026-08-11T22:50:10,2026-08-13T12:10:26,2026-08-13T12:10:26,261033
2026-10-16,Friday,4:00 PM,16:00,WA,QFC 870 – PORT HADLOCK,,Port Hadlock,NO,9,4p WA||QFC 870 – PORT HADLOCK (Port Hadlock),#1E88E5,,EXISTING,2026-08-11T22:50:10,2026-08-13T12:10:26,2026-08-13T12:10:26,261741
2026-10-16,Friday,4:00 PM,16:00,WA,Fred Meyer,265,Puyallup,NO,9,4p WA|| Fred Meyer 265 (Puyallup),#1E88E5,,EXISTING,2026-08-11T22:50:10,2026-08-13T12:10:26,2026-08-13T12:10:26,261991
2026-10-16,Friday,4:00 PM,16:00,WA,QFC 871 – RENTON,,Renton,NO,9,4p WA||QFC 871 – RENTON (Renton),#1E88E5,,EXISTING,2026-08-11T22:50:10,2026-08-13T12:10:26,2026-08-13T12:10:26,261743
2026-10-16,Friday,4:00 PM,16:00,WA,Safeway,555,Sammamish,NO,9,4p WA|| Safeway 555 (Sammamish),#1E88E5,,EXISTING,2026-08-11T22:50:10,2026-08-13T12:10:26,2026-08-13T12:10:26,261031
2026-10-16,Friday,4:00 PM,16:00,WA,Safeway,3613,Snoqualmie,NO,9,4p WA|| Safeway 3613 (Snoqualmie),#1E88E5,,EXISTING,2026-08-11T22:50:10,2026-08-13T12:10:26,2026-08-13T12:10:26,261049
2026-10-16,Friday,4:00 PM,16:00,WA,Albertsons,1268,Spokane,NO,9,4p WA|| Albertsons 1268 (Spokane),#1E88E5,,EXISTING,2026-08-11T22:50:10,2026-08-13T12:10:26,2026-08-13T12:10:26,261039
2026-10-16,Friday,4:00 PM,16:00,WA,Fred Meyer,351,Spokane Valley,NO,9,4p WA|| Fred Meyer 351 (Spokane Valley),#1E88E5,,EXISTING,2026-08-11T22:50:10,2026-08-13T12:10:26,2026-08-13T12:10:26,261993
2026-10-16,Friday,4:00 PM,16:00,WA,Fred Meyer,615,University Place,NO,9,4p WA|| Fred Meyer 615 (University Place),#1E88E5,,EXISTING,2026-08-11T22:50:10,2026-08-13T12:10:26,2026-08-13T12:10:26,261997
2026-10-16,Friday,4:00 PM,16:00,WA,QFC 212 – RIVERSTONE MARKETPLACE,,Vancouver,NO,9,4p WA||QFC 212 – RIVERSTONE MARKETPLACE (Vancouver),#1E88E5,,EXISTING,2026-08-11T22:50:10,2026-08-13T12:10:26,2026-08-13T12:10:26,261123
2026-10-17,Saturday,11:00 AM,11:00,WA,Total Wine & More,1402,Southcenter,NO,9,11a WA|| Total Wine & More 1402 (Southcenter),#1E88E5,,EXISTING,2026-08-11T22:50:10,2026-08-13T12:10:26,2026-08-13T12:10:26,256339
2026-10-17,Saturday,1:00 PM,13:00,WA,QFC 874 – BELLEVUE EAST,,Bellevue,YES,1,1p WA||QFC 874 – BELLEVUE EAST (Bellevue),#1E88E5,,EXISTING,2026-08-11T22:50:10,2026-08-13T12:10:26,2026-08-13T12:10:26,261747
2026-10-17,Saturday,1:00 PM,13:00,WA,Fred Meyer,691,Gig Harbor,NO,9,1p WA|| Fred Meyer 691 (Gig Harbor),#1E88E5,,EXISTING,2026-08-11T22:50:10,2026-08-13T12:10:26,2026-08-13T12:10:26,261675
2026-10-17,Saturday,1:00 PM,13:00,WA,Fred Meyer,658,Issaquah,NO,9,1p WA|| Fred Meyer 658 (Issaquah),#1E88E5,,EXISTING,2026-08-11T22:50:10,2026-08-13T12:10:26,2026-08-13T12:10:26,262229
2026-10-17,Saturday,1:00 PM,13:00,WA,Fred Meyer,688,Lynnwood,NO,9,1p WA|| Fred Meyer 688 (Lynnwood),#1E88E5,,EXISTING,2026-08-11T22:50:10,2026-08-13T12:10:26,2026-08-13T12:10:26,261673
2026-10-17,Saturday,1:00 PM,13:00,WA,QFC 878 – REDMOND RIDGE,,Redmond,NO,9,1p WA||QFC 878 – REDMOND RIDGE (Redmond),#1E88E5,,EXISTING,2026-08-11T22:50:10,2026-08-13T12:10:26,2026-08-13T12:10:26,261749
2026-10-17,Saturday,1:00 PM,13:00,WA,QFC 879 – STANWOOD,,Stanwood,NO,9,1p WA||QFC 879 – STANWOOD (Stanwood),#1E88E5,,EXISTING,2026-08-11T22:50:10,2026-08-13T12:10:26,2026-08-13T12:10:26,261751
2026-10-17,Saturday,2:00 PM,14:00,WA,Total Wine & More,1401,Bellevue,YES,1,2p WA|| Total Wine & More 1401 (Bellevue),#1E88E5,,EXISTING,2026-08-11T22:50:10,2026-08-13T12:10:26,2026-08-13T12:10:26,261193
2026-10-17,Saturday,2:00 PM,14:00,WA,Total Wine & More,1407,Federal Way,NO,9,2p WA|| Total Wine & More 1407 (Federal Way),#1E88E5,,EXISTING,2026-08-11T22:50:10,2026-08-13T12:10:26,2026-08-13T12:10:26,261205
2026-10-17,Saturday,2:00 PM,14:00,WA,Total Wine & More,1405,Lynnwood,NO,9,2p WA|| Total Wine & More 1405 (Lynnwood),#1E88E5,,EXISTING,2026-08-11T22:50:10,2026-08-13T12:10:26,2026-08-13T12:10:26,261201
2026-10-17,Saturday,2:00 PM,14:00,WA,Total Wine & More,1409,Northgate,NO,9,2p WA|| Total Wine & More 1409 (Northgate),#1E88E5,,EXISTING,2026-08-11T22:50:10,2026-08-13T12:10:26,2026-08-13T12:10:26,261209
2026-10-17,Saturday,2:00 PM,14:00,WA,Total Wine & More,1403,Northpoint,NO,9,2p WA|| Total Wine & More 1403 (Northpoint),#1E88E5,,EXISTING,2026-08-11T22:50:10,2026-08-13T12:10:26,2026-08-13T12:10:26,261197
2026-10-17,Saturday,2:00 PM,14:00,WA,Total Wine & More,1406,Olympia,NO,9,2p WA|| Total Wine & More 1406 (Olympia),#1E88E5,,EXISTING,2026-08-11T22:50:10,2026-08-13T12:10:26,2026-08-13T12:10:26,261203
2026-10-17,Saturday,2:00 PM,14:00,WA,Total Wine & More,1410,Puyallup,NO,9,2p WA|| Total Wine & More 1410 (Puyallup),#1E88E5,,EXISTING,2026-08-11T22:50:10,2026-08-13T12:10:26,2026-08-13T12:10:26,261211
2026-10-17,Saturday,2:00 PM,14:00,WA,Total Wine & More,1402,Southcenter,NO,9,2p WA|| Total Wine & More 1402 (Southcenter),#1E88E5,,EXISTING,2026-08-11T22:50:10,2026-08-13T12:10:26,2026-08-13T12:10:26,261195
2026-10-17,Saturday,2:00 PM,14:00,WA,Total Wine & More,1408,Spokane Valley,NO,9,2p WA|| Total Wine & More 1408 (Spokane Valley),#1E88E5,,EXISTING,2026-08-11T22:50:10,2026-08-13T12:10:26,2026-08-13T12:10:26,261207
2026-10-17,Saturday,4:30 PM,16:30,WA,Fred Meyer,23,Bellevue,YES,1,4:30p WA|| Fred Meyer 23 (Bellevue),#1E88E5,,EXISTING,2026-08-11T22:50:10,2026-08-13T12:10:26,2026-08-13T12:10:26,262157
2026-10-17,Saturday,4:30 PM,16:30,WA,Fred Meyer,391,Kirkland,YES,2,4:30p WA|| Fred Meyer 391 (Kirkland),#1E88E5,,EXISTING,2026-08-11T22:50:10,2026-08-13T12:10:26,2026-08-13T12:10:26,259895
2026-10-17,Saturday,4:30 PM,16:30,WA,Fred Meyer,122,Seattle,YES,3,4:30p WA|| Fred Meyer 122 (Seattle),#1E88E5,,EXISTING,2026-08-11T22:50:10,2026-08-13T12:10:26,2026-08-13T12:10:26,262163
2026-10-17,Saturday,4:30 PM,16:30,WA,Fred Meyer,608,Seattle,YES,3,4:30p WA|| Fred Meyer 608 (Seattle),#1E88E5,,EXISTING,2026-08-11T22:50:10,2026-08-13T12:10:26,2026-08-13T12:10:26,259907
2026-10-17,Saturday,4:30 PM,16:30,WA,Fred Meyer,19,Auburn,NO,9,4:30p WA|| Fred Meyer 19 (Auburn),#1E88E5,,EXISTING,2026-08-11T22:50:10,2026-08-13T12:10:26,2026-08-13T12:10:26,262155
2026-10-17,Saturday,4:30 PM,16:30,WA,Fred Meyer,667,Bellingham,NO,9,4:30p WA|| Fred Meyer 667 (Bellingham),#1E88E5,,EXISTING,2026-08-11T22:50:10,2026-08-13T12:10:26,2026-08-13T12:10:26,259919
2026-10-17,Saturday,4:30 PM,16:30,WA,Fred Meyer,41,Boney Lake,NO,9,4:30p WA|| Fred Meyer 41 (Boney Lake),#1E88E5,,EXISTING,2026-08-11T22:50:10,2026-08-13T12:10:26,2026-08-13T12:10:26,262161
2026-10-17,Saturday,4:30 PM,16:30,WA,Fred Meyer,171,Bremerton,NO,9,4:30p WA|| Fred Meyer 171 (Bremerton),#1E88E5,,EXISTING,2026-08-11T22:50:10,2026-08-13T12:10:26,2026-08-13T12:10:26,262167
2026-10-17,Saturday,4:30 PM,16:30,WA,Fred Meyer,652,Ellensburg,NO,9,4:30p WA|| Fred Meyer 652 (Ellensburg),#1E88E5,,EXISTING,2026-08-11T22:50:10,2026-08-13T12:10:26,2026-08-13T12:10:26,259909
2026-10-17,Saturday,4:30 PM,16:30,WA,Fred Meyer,458,Everett,NO,9,4:30p WA|| Fred Meyer 458 (Everett),#1E88E5,,EXISTING,2026-08-11T22:50:10,2026-08-13T12:10:26,2026-08-13T12:10:26,259899
2026-10-17,Saturday,4:30 PM,16:30,WA,Fred Meyer,658,Issaquah,NO,9,4:30p WA|| Fred Meyer 658 (Issaquah),#1E88E5,,EXISTING,2026-08-11T22:50:10,2026-08-13T12:10:26,2026-08-13T12:10:26,259913
2026-10-17,Saturday,4:30 PM,16:30,WA,Fred Meyer,688,Lynnwood,NO,9,4:30p WA|| Fred Meyer 688 (Lynnwood),#1E88E5,,EXISTING,2026-08-11T22:50:10,2026-08-13T12:10:26,2026-08-13T12:10:26,259923
2026-10-17,Saturday,4:30 PM,16:30,WA,Fred Meyer,655,Port Orchard,NO,9,4:30p WA|| Fred Meyer 655 (Port Orchard),#1E88E5,,EXISTING,2026-08-11T22:50:10,2026-08-13T12:10:26,2026-08-13T12:10:26,259911
2026-10-17,Saturday,4:30 PM,16:30,WA,Fred Meyer,424,Puyallup,NO,9,4:30p WA|| Fred Meyer 424 (Puyallup),#1E88E5,,EXISTING,2026-08-11T22:50:10,2026-08-13T12:10:26,2026-08-13T12:10:26,259897
2026-10-17,Saturday,4:30 PM,16:30,WA,Fred Meyer,31,Renton,NO,9,4:30p WA|| Fred Meyer 31 (Renton),#1E88E5,,EXISTING,2026-08-11T22:50:10,2026-08-13T12:10:26,2026-08-13T12:10:26,262159
2026-10-17,Saturday,4:30 PM,16:30,WA,Fred Meyer,665,Sumner,NO,9,4:30p WA|| Fred Meyer 665 (Sumner),#1E88E5,,EXISTING,2026-08-11T22:50:10,2026-08-13T12:10:26,2026-08-13T12:10:26,259917
2026-10-17,Saturday,4:30 PM,16:30,WA,Fred Meyer,605,Tacoma,NO,9,4:30p WA|| Fred Meyer 605 (Tacoma),#1E88E5,,EXISTING,2026-08-11T22:50:10,2026-08-13T12:10:26,2026-08-13T12:10:26,259905
2026-10-17,Saturday,4:30 PM,16:30,WA,Fred Meyer,659,Tumwater,NO,9,4:30p WA|| Fred Meyer 659 (Tumwater),#1E88E5,,EXISTING,2026-08-11T22:50:10,2026-08-13T12:10:26,2026-08-13T12:10:26,259915
2026-10-17,Saturday,4:30 PM,16:30,WA,Fred Meyer,140,Vancouver,NO,9,4:30p WA|| Fred Meyer 140 (Vancouver),#1E88E5,,EXISTING,2026-08-11T22:50:10,2026-08-13T12:10:26,2026-08-13T12:10:26,262165
2026-10-17,Saturday,4:30 PM,16:30,WA,Fred Meyer,460,Vancouver,NO,9,4:30p WA|| Fred Meyer 460 (Vancouver),#1E88E5,,EXISTING,2026-08-11T22:50:10,2026-08-13T12:10:26,2026-08-13T12:10:26,259901
2026-10-17,Saturday,4:30 PM,16:30,WA,Fred Meyer,683,Vancouver,NO,9,4:30p WA|| Fred Meyer 683 (Vancouver),#1E88E5,,EXISTING,2026-08-11T22:50:10,2026-08-13T12:10:26,2026-08-13T12:10:26,259921
2026-10-17,Saturday,4:30 PM,16:30,WA,Fred Meyer,486,Yakima,NO,9,4:30p WA|| Fred Meyer 486 (Yakima),#1E88E5,,EXISTING,2026-08-11T22:50:10,2026-08-13T12:10:26,2026-08-13T12:10:26,259903
2026-10-22,Thursday,4:00 PM,16:00,WA,QFC 832 – HARBOUR POINT,,Mukilteo,NO,9,4p WA||QFC 832 – HARBOUR POINT (Mukilteo),#1E88E5,,EXISTING,2026-08-11T22:50:10,2026-08-13T12:10:26,2026-08-13T12:10:26,261759
2026-10-22,Thursday,4:00 PM,16:00,WA,QFC 831 – NORTHSHORE,,Tacoma,NO,9,4p WA||QFC 831 – NORTHSHORE (Tacoma),#1E88E5,,EXISTING,2026-08-11T22:50:10,2026-08-13T12:10:26,2026-08-13T12:10:26,261757
2026-10-23,Friday,2:00 PM,14:00,WA,Total Wine & More,1401,Bellevue,YES,1,2p WA|| Total Wine & More 1401 (Bellevue),#1E88E5,,EXISTING,2026-08-11T22:50:10,2026-08-13T12:10:26,2026-08-13T12:10:26,262075
2026-10-23,Friday,2:00 PM,14:00,WA,Total Wine & More,1414,Seattle,YES,3,2p WA|| Total Wine & More 1414 (Seattle),#1E88E5,,EXISTING,2026-08-11T22:50:10,2026-08-13T12:10:26,2026-08-13T12:10:26,256347
2026-10-23,Friday,2:00 PM,14:00,WA,Total Wine & More,1405,Lynnwood,NO,9,2p WA|| Total Wine & More 1405 (Lynnwood),#1E88E5,,EXISTING,2026-08-11T22:50:10,2026-08-13T12:10:26,2026-08-13T12:10:26,256341
2026-10-23,Friday,2:00 PM,14:00,WA,Total Wine & More,1412,Silverdale,NO,9,2p WA|| Total Wine & More 1412 (Silverdale),#1E88E5,,EXISTING,2026-08-11T22:50:10,2026-08-13T12:10:26,2026-08-13T12:10:26,262097
2026-10-23,Friday,2:00 PM,14:00,WA,Total Wine & More,1402,Southcenter,NO,9,2p WA|| Total Wine & More 1402 (Southcenter),#1E88E5,,EXISTING,2026-08-11T22:50:10,2026-08-13T12:10:26,2026-08-13T12:10:26,262077
2026-10-23,Friday,2:00 PM,14:00,WA,Total Wine & More,1413,Tacoma,NO,9,2p WA|| Total Wine & More 1413 (Tacoma),#1E88E5,,EXISTING,2026-08-11T22:50:10,2026-08-13T12:10:26,2026-08-13T12:10:26,262099
2026-10-23,Friday,4:00 PM,16:00,WA,Safeway,1600,Bellevue,YES,1,4p WA|| Safeway 1600 (Bellevue),#1E88E5,,EXISTING,2026-08-11T22:50:10,2026-08-13T12:10:26,2026-08-13T12:10:26,259647
2026-10-23,Friday,4:00 PM,16:00,WA,Safeway,1993,Seattle,YES,3,4p WA|| Safeway 1993 (Seattle),#1E88E5,,EXISTING,2026-08-11T22:50:10,2026-08-13T12:10:26,2026-08-13T12:10:26,259649
2026-10-23,Friday,4:00 PM,16:00,WA,Safeway,593,Anacortes,NO,9,4p WA|| Safeway 593 (Anacortes),#1E88E5,,EXISTING,2026-08-11T22:50:10,2026-08-13T12:10:26,2026-08-13T12:10:26,259641
2026-10-23,Friday,4:00 PM,16:00,WA,Safeway,1252,Bainbridge Island,NO,9,4p WA|| Safeway 1252 (Bainbridge Island),#1E88E5,,EXISTING,2026-08-11T22:50:10,2026-08-13T12:10:26,2026-08-13T12:10:26,259643
2026-10-23,Friday,4:00 PM,16:00,WA,Safeway,3321,Gig Harbor,NO,9,4p WA|| Safeway 3321 (Gig Harbor),#1E88E5,,EXISTING,2026-08-11T22:50:10,2026-08-13T12:10:26,2026-08-13T12:10:26,259653
2026-10-23,Friday,4:00 PM,16:00,WA,Safeway,2248,Liberty Lake,NO,9,4p WA|| Safeway 2248 (Liberty Lake),#1E88E5,,EXISTING,2026-08-11T22:50:10,2026-08-13T12:10:26,2026-08-13T12:10:26,259651
2026-10-23,Friday,4:00 PM,16:00,WA,QFC 835 – WEST LYNNWOOD,,Lynnwood,NO,9,4p WA||QFC 835 – WEST LYNNWOOD (Lynnwood),#1E88E5,,EXISTING,2026-08-11T22:50:10,2026-08-13T12:10:26,2026-08-13T12:10:26,261761
2026-10-23,Friday,4:00 PM,16:00,WA,QFC 837 – MAPLE VALLEY,,Maple Valley,NO,9,4p WA||QFC 837 – MAPLE VALLEY (Maple Valley),#1E88E5,,EXISTING,2026-08-11T22:50:10,2026-08-13T12:10:26,2026-08-13T12:10:26,261763
2026-10-23,Friday,4:00 PM,16:00,WA,Safeway,558,Newcastle,NO,9,4p WA|| Safeway 558 (Newcastle),#1E88E5,,EXISTING,2026-08-11T22:50:10,2026-08-13T12:10:26,2026-08-13T12:10:26,259639
2026-10-23,Friday,4:00 PM,16:00,WA,Safeway,555,Sammamish,NO,9,4p WA|| Safeway 555 (Sammamish),#1E88E5,,EXISTING,2026-08-11T22:50:10,2026-08-13T12:10:26,2026-08-13T12:10:26,259637
2026-10-23,Friday,4:00 PM,16:00,WA,Safeway,3613,Snoqualmie,NO,9,4p WA|| Safeway 3613 (Snoqualmie),#1E88E5,,EXISTING,2026-08-11T22:50:10,2026-08-13T12:10:26,2026-08-13T12:10:26,259655
2026-10-23,Friday,4:00 PM,16:00,WA,Albertsons,1268,Spokane,NO,9,4p WA|| Albertsons 1268 (Spokane),#1E88E5,,EXISTING,2026-08-11T22:50:10,2026-08-13T12:10:26,2026-08-13T12:10:26,259645
2026-10-24,Saturday,2:00 PM,14:00,WA,Total Wine & More,1411,Interbay,NO,9,2p WA|| Total Wine & More 1411 (Interbay),#1E88E5,,EXISTING,2026-08-11T22:50:10,2026-08-13T12:10:26,2026-08-13T12:10:26,256345
2026-10-24,Saturday,2:00 PM,14:00,WA,Total Wine & More,1405,Lynnwood,NO,9,2p WA|| Total Wine & More 1405 (Lynnwood),#1E88E5,,EXISTING,2026-08-11T22:50:10,2026-08-13T12:10:26,2026-08-13T12:10:26,262083
2026-10-24,Saturday,2:00 PM,14:00,WA,Total Wine & More,1403,Northpoint,NO,9,2p WA|| Total Wine & More 1403 (Northpoint),#1E88E5,,EXISTING,2026-08-11T22:50:10,2026-08-13T12:10:26,2026-08-13T12:10:26,262079
2026-10-24,Saturday,2:00 PM,14:00,WA,Total Wine & More,1410,Puyallup,NO,9,2p WA|| Total Wine & More 1410 (Puyallup),#1E88E5,,EXISTING,2026-08-11T22:50:10,2026-08-13T12:10:26,2026-08-13T12:10:26,256343
2026-10-24,Saturday,2:00 PM,14:00,WA,Total Wine & More,1404,Vancouver,NO,9,2p WA|| Total Wine & More 1404 (Vancouver),#1E88E5,,EXISTING,2026-08-11T22:50:10,2026-08-13T12:10:26,2026-08-13T12:10:26,262081
2026-10-29,Thursday,4:00 PM,16:00,WA,Fred Meyer,23,Bellevue,YES,1,4p WA|| Fred Meyer 23 (Bellevue),#1E88E5,,EXISTING,2026-08-11T22:50:10,2026-08-13T12:10:26,2026-08-13T12:10:26,259929
2026-10-29,Thursday,4:00 PM,16:00,WA,QFC 838 – INGLEWOOD,,Kirkland,YES,2,4p WA||QFC 838 – INGLEWOOD (Kirkland),#1E88E5,,EXISTING,2026-08-11T22:50:10,2026-08-13T12:10:26,2026-08-13T12:10:26,261765
2026-10-29,Thursday,4:00 PM,16:00,WA,QFC 881 – UPTOWN,,Seattle,YES,3,4p WA||QFC 881 – UPTOWN (Seattle),#1E88E5,,EXISTING,2026-08-11T22:50:10,2026-08-13T12:10:26,2026-08-13T12:10:26,261767
2026-10-29,Thursday,4:00 PM,16:00,WA,Fred Meyer,19,Auburn,NO,9,4p WA|| Fred Meyer 19 (Auburn),#1E88E5,,EXISTING,2026-08-11T22:50:10,2026-08-13T12:10:26,2026-08-13T12:10:26,259927
2026-10-29,Thursday,4:00 PM,16:00,WA,Fred Meyer,28,Burien,NO,9,4p WA|| Fred Meyer 28 (Burien),#1E88E5,,EXISTING,2026-08-11T22:50:10,2026-08-13T12:10:26,2026-08-13T12:10:26,259931
2026-10-29,Thursday,4:00 PM,16:00,WA,Fred Meyer,95,Everett,NO,9,4p WA|| Fred Meyer 95 (Everett),#1E88E5,,EXISTING,2026-08-11T22:50:10,2026-08-13T12:10:26,2026-08-13T12:10:26,259935
2026-10-29,Thursday,4:00 PM,16:00,WA,Fred Meyer,215,Kent,NO,9,4p WA|| Fred Meyer 215 (Kent),#1E88E5,,EXISTING,2026-08-11T22:50:10,2026-08-13T12:10:26,2026-08-13T12:10:26,259941
2026-10-29,Thursday,4:00 PM,16:00,WA,Fred Meyer,209,Marysville,NO,9,4p WA|| Fred Meyer 209 (Marysville),#1E88E5,,EXISTING,2026-08-11T22:50:10,2026-08-13T12:10:26,2026-08-13T12:10:26,259939
2026-10-29,Thursday,4:00 PM,16:00,WA,Fred Meyer,31,Renton,NO,9,4p WA|| Fred Meyer 31 (Renton),#1E88E5,,EXISTING,2026-08-11T22:50:10,2026-08-13T12:10:26,2026-08-13T12:10:26,259933
2026-10-29,Thursday,4:00 PM,16:00,WA,Fred Meyer,286,Richland,NO,9,4p WA|| Fred Meyer 286 (Richland),#1E88E5,,EXISTING,2026-08-11T22:50:10,2026-08-13T12:10:26,2026-08-13T12:10:26,259943
2026-10-29,Thursday,4:00 PM,16:00,WA,Fred Meyer,13,Shoreline,NO,9,4p WA|| Fred Meyer 13 (Shoreline),#1E88E5,,EXISTING,2026-08-11T22:50:10,2026-08-13T12:10:26,2026-08-13T12:10:26,259925
2026-10-29,Thursday,4:00 PM,16:00,WA,Fred Meyer,140,Vancouver,NO,9,4p WA|| Fred Meyer 140 (Vancouver),#1E88E5,,EXISTING,2026-08-11T22:50:10,2026-08-13T12:10:26,2026-08-13T12:10:26,259937
2026-10-30,Friday,2:00 PM,14:00,WA,Total Wine & More,1414,Seattle,YES,3,2p WA|| Total Wine & More 1414 (Seattle),#1E88E5,,EXISTING,2026-08-11T22:50:10,2026-08-13T12:10:26,2026-08-13T12:10:26,262101
2026-10-30,Friday,2:00 PM,14:00,WA,Total Wine & More,1407,Federal Way,NO,9,2p WA|| Total Wine & More 1407 (Federal Way),#1E88E5,,EXISTING,2026-08-11T22:50:10,2026-08-13T12:10:26,2026-08-13T12:10:26,262087
2026-10-30,Friday,2:00 PM,14:00,WA,Total Wine & More,1411,Interbay,NO,9,2p WA|| Total Wine & More 1411 (Interbay),#1E88E5,,EXISTING,2026-08-11T22:50:10,2026-08-13T12:10:26,2026-08-13T12:10:26,262095
2026-10-30,Friday,2:00 PM,14:00,WA,Total Wine & More,1409,Northgate,NO,9,2p WA|| Total Wine & More 1409 (Northgate),#1E88E5,,EXISTING,2026-08-11T22:50:10,2026-08-13T12:10:26,2026-08-13T12:10:26,262091
2026-10-30,Friday,2:00 PM,14:00,WA,Total Wine & More,1406,Olympia,NO,9,2p WA|| Total Wine & More 1406 (Olympia),#1E88E5,,EXISTING,2026-08-11T22:50:10,2026-08-13T12:10:26,2026-08-13T12:10:26,262085
2026-10-30,Friday,2:00 PM,14:00,WA,Total Wine & More,1410,Puyallup,NO,9,2p WA|| Total Wine & More 1410 (Puyallup),#1E88E5,,EXISTING,2026-08-11T22:50:10,2026-08-13T12:10:26,2026-08-13T12:10:26,262093
2026-10-30,Friday,2:00 PM,14:00,WA,Total Wine & More,1408,Spokane Valley,NO,9,2p WA|| Total Wine & More 1408 (Spokane Valley),#1E88E5,,EXISTING,2026-08-11T22:50:10,2026-08-13T12:10:26,2026-08-13T12:10:26,262089
2026-10-30,Friday,4:00 PM,16:00,WA,Safeway,1600,Bellevue,YES,1,4p WA|| Safeway 1600 (Bellevue),#1E88E5,,EXISTING,2026-08-11T22:50:10,2026-08-13T12:10:26,2026-08-13T12:10:26,260763
2026-10-30,Friday,4:00 PM,16:00,WA,Safeway,1142,Kirkland,YES,2,4p WA|| Safeway 1142 (Kirkland),#1E88E5,,EXISTING,2026-08-11T22:50:10,2026-08-13T12:10:26,2026-08-13T12:10:26,260913
2026-10-30,Friday,4:00 PM,16:00,WA,QFC 883 – WEST SEATTLE,,Seattle,YES,3,4p WA||QFC 883 – WEST SEATTLE (Seattle),#1E88E5,,EXISTING,2026-08-11T22:50:10,2026-08-13T12:10:26,2026-08-13T12:10:26,261769
2026-10-30,Friday,4:00 PM,16:00,WA,QFC 887 – BROADWAY MRKT,,Seattle,YES,3,4p WA||QFC 887 – BROADWAY MRKT (Seattle),#1E88E5,,EXISTING,2026-08-11T22:50:10,2026-08-13T12:10:26,2026-08-13T12:10:26,261771
2026-10-30,Friday,4:00 PM,16:00,WA,Safeway,593,Anacortes,NO,9,4p WA|| Safeway 593 (Anacortes),#1E88E5,,EXISTING,2026-08-11T22:50:10,2026-08-13T12:10:26,2026-08-13T12:10:26,260911
2026-10-30,Friday,4:00 PM,16:00,WA,Safeway,1252,Bainbridge Island,NO,9,4p WA|| Safeway 1252 (Bainbridge Island),#1E88E5,,EXISTING,2026-08-11T22:50:10,2026-08-13T12:10:26,2026-08-13T12:10:26,260915
2026-10-30,Friday,4:00 PM,16:00,WA,Fred Meyer,614,Battle Ground,NO,9,4p WA|| Fred Meyer 614 (Battle Ground),#1E88E5,,EXISTING,2026-08-11T22:50:10,2026-08-13T12:10:26,2026-08-13T12:10:26,259957
2026-10-30,Friday,4:00 PM,16:00,WA,Fred Meyer,457,Bothell,NO,9,4p WA|| Fred Meyer 457 (Bothell),#1E88E5,,EXISTING,2026-08-11T22:50:10,2026-08-13T12:10:26,2026-08-13T12:10:26,259949
2026-10-30,Friday,4:00 PM,16:00,WA,Safeway,1864,Bothell,NO,9,4p WA|| Safeway 1864 (Bothell),#1E88E5,,EXISTING,2026-08-11T22:50:10,2026-08-13T12:10:26,2026-08-13T12:10:26,260767
2026-10-30,Friday,4:00 PM,16:00,WA,Safeway,2645,Everett,NO,9,4p WA|| Safeway 2645 (Everett),#1E88E5,,EXISTING,2026-08-11T22:50:10,2026-08-13T12:10:26,2026-08-13T12:10:26,260769
2026-10-30,Friday,4:00 PM,16:00,WA,Fred Meyer,691,Gig Harbor,NO,9,4p WA|| Fred Meyer 691 (Gig Harbor),#1E88E5,,EXISTING,2026-08-11T22:50:10,2026-08-13T12:10:26,2026-08-13T12:10:26,259963
2026-10-30,Friday,4:00 PM,16:00,WA,Safeway,1803,Lake Stevens,NO,9,4p WA|| Safeway 1803 (Lake Stevens),#1E88E5,,EXISTING,2026-08-11T22:50:10,2026-08-13T12:10:26,2026-08-13T12:10:26,260765
2026-10-30,Friday,4:00 PM,16:00,WA,Fred Meyer,682,Maple Valley,NO,9,4p WA|| Fred Meyer 682 (Maple Valley),#1E88E5,,EXISTING,2026-08-11T22:50:10,2026-08-13T12:10:26,2026-08-13T12:10:26,259961
2026-10-30,Friday,4:00 PM,16:00,WA,Safeway,414,Mountlake Terrace,NO,9,4p WA|| Safeway 414 (Mountlake Terrace),#1E88E5,,EXISTING,2026-08-11T22:50:10,2026-08-13T12:10:26,2026-08-13T12:10:26,260899
2026-10-30,Friday,4:00 PM,16:00,WA,Safeway,558,Newcastle,NO,9,4p WA|| Safeway 558 (Newcastle),#1E88E5,,EXISTING,2026-08-11T22:50:10,2026-08-13T12:10:26,2026-08-13T12:10:26,260909
2026-10-30,Friday,4:00 PM,16:00,WA,Safeway,402,Oak Harbor,NO,9,4p WA|| Safeway 402 (Oak Harbor),#1E88E5,,EXISTING,2026-08-11T22:50:10,2026-08-13T12:10:26,2026-08-13T12:10:26,260897
2026-10-30,Friday,4:00 PM,16:00,WA,Albertsons,419,Port Orchard,NO,9,4p WA|| Albertsons 419 (Port Orchard),#1E88E5,,EXISTING,2026-08-11T22:50:10,2026-08-13T12:10:26,2026-08-13T12:10:26,260901
2026-10-30,Friday,4:00 PM,16:00,WA,Safeway,2729,Puyallup,NO,9,4p WA|| Safeway 2729 (Puyallup),#1E88E5,,EXISTING,2026-08-11T22:50:10,2026-08-13T12:10:26,2026-08-13T12:10:26,260771
2026-10-30,Friday,4:00 PM,16:00,WA,Fred Meyer,459,Renton,NO,9,4p WA|| Fred Meyer 459 (Renton),#1E88E5,,EXISTING,2026-08-11T22:50:10,2026-08-13T12:10:26,2026-08-13T12:10:26,259951
2026-10-30,Friday,4:00 PM,16:00,WA,Safeway,519,Renton,NO,9,4p WA|| Safeway 519 (Renton),#1E88E5,,EXISTING,2026-08-11T22:50:10,2026-08-13T12:10:26,2026-08-13T12:10:26,260903
2026-10-30,Friday,4:00 PM,16:00,WA,Safeway,555,Sammamish,NO,9,4p WA|| Safeway 555 (Sammamish),#1E88E5,,EXISTING,2026-08-11T22:50:10,2026-08-13T12:10:26,2026-08-13T12:10:26,260907
2026-10-30,Friday,4:00 PM,16:00,WA,Fred Meyer,603,Shelton,NO,9,4p WA|| Fred Meyer 603 (Shelton),#1E88E5,,EXISTING,2026-08-11T22:50:10,2026-08-13T12:10:26,2026-08-13T12:10:26,259953
2026-10-30,Friday,4:00 PM,16:00,WA,Fred Meyer,604,Spanaway,NO,9,4p WA|| Fred Meyer 604 (Spanaway),#1E88E5,,EXISTING,2026-08-11T22:50:10,2026-08-13T12:10:26,2026-08-13T12:10:26,259955
2026-10-30,Friday,4:00 PM,16:00,WA,Fred Meyer,351,Spokane Valley,NO,9,4p WA|| Fred Meyer 351 (Spokane Valley),#1E88E5,,EXISTING,2026-08-11T22:50:10,2026-08-13T12:10:26,2026-08-13T12:10:26,259945
2026-10-30,Friday,4:00 PM,16:00,WA,Fred Meyer,390,Tacoma,NO,9,4p WA|| Fred Meyer 390 (Tacoma),#1E88E5,,EXISTING,2026-08-11T22:50:10,2026-08-13T12:10:26,2026-08-13T12:10:26,259947
2026-10-30,Friday,4:00 PM,16:00,WA,Fred Meyer,615,University Place,NO,9,4p WA|| Fred Meyer 615 (University Place),#1E88E5,,EXISTING,2026-08-11T22:50:10,2026-08-13T12:10:26,2026-08-13T12:10:26,259959
2026-10-30,Friday,4:00 PM,16:00,WA,Safeway,533,Woodinville,NO,9,4p WA|| Safeway 533 (Woodinville),#1E88E5,,EXISTING,2026-08-11T22:50:10,2026-08-13T12:10:26,2026-08-13T12:10:26,260905
2026-10-31,Saturday,1:00 PM,13:00,WA,QFC 894 – KIRKLAND URBAN,,Kirkland,YES,2,1p WA||QFC 894 – KIRKLAND URBAN (Kirkland),#1E88E5,,EXISTING,2026-08-11T22:50:10,2026-08-13T12:10:26,2026-08-13T12:10:26,261775
2026-10-31,Saturday,1:00 PM,13:00,WA,QFC 891 – BALLARD,,Seattle,YES,3,1p WA||QFC 891 – BALLARD (Seattle),#1E88E5,,EXISTING,2026-08-11T22:50:10,2026-08-13T12:10:26,2026-08-13T12:10:26,261773
